<?xml version="1.0" encoding="utf-8" ?>
<dwsync>
<file name="flecha.gif" server="C:/wamp/www/Control_Laboral_Basic/" local="128786325760000000" remote="128786289760000000" Dst="2" />
<file name="ico00.png" server="C:/wamp/www/Control_Laboral_Basic/" local="130580178300000000" remote="130580178300000000" Dst="2" />
<file name="ico01.png" server="C:/wamp/www/Control_Laboral_Basic/" local="130580178300000000" remote="130580178300000000" Dst="2" />
<file name="ico02.png" server="C:/wamp/www/Control_Laboral_Basic/" local="130580178300000000" remote="130580178300000000" Dst="2" />
<file name="ico03.png" server="C:/wamp/www/Control_Laboral_Basic/" local="130580178300000000" remote="130580178300000000" Dst="2" />
<file name="ico04.png" server="C:/wamp/www/Control_Laboral_Basic/" local="130580178300000000" remote="130580178300000000" Dst="2" />
<file name="ico05.png" server="C:/wamp/www/Control_Laboral_Basic/" local="130580178300000000" remote="130580178300000000" Dst="2" />
<file name="ico06.png" server="C:/wamp/www/Control_Laboral_Basic/" local="130580178300000000" remote="130580178300000000" Dst="2" />
<file name="ico07.png" server="C:/wamp/www/Control_Laboral_Basic/" local="130580178300000000" remote="130580178300000000" Dst="2" />
<file name="ico08.png" server="C:/wamp/www/Control_Laboral_Basic/" local="130580178300000000" remote="130580178300000000" Dst="2" />
<file name="ico09.png" server="C:/wamp/www/Control_Laboral_Basic/" local="130580178300000000" remote="130580178300000000" Dst="2" />
<file name="ico10.png" server="C:/wamp/www/Control_Laboral_Basic/" local="130580178300000000" remote="130580178300000000" Dst="2" />
<file name="ico11.png" server="C:/wamp/www/Control_Laboral_Basic/" local="130580178300000000" remote="130580178300000000" Dst="2" />
<file name="ico12.png" server="C:/wamp/www/Control_Laboral_Basic/" local="130580178300000000" remote="130580178300000000" Dst="2" />
<file name="ico13.png" server="C:/wamp/www/Control_Laboral_Basic/" local="130580178300000000" remote="130580178300000000" Dst="2" />
<file name="ico14.png" server="C:/wamp/www/Control_Laboral_Basic/" local="130580178300000000" remote="130580178300000000" Dst="2" />
<file name="ico15.png" server="C:/wamp/www/Control_Laboral_Basic/" local="130580178300000000" remote="130580178300000000" Dst="2" />
<file name="ico16.png" server="C:/wamp/www/Control_Laboral_Basic/" local="130580178300000000" remote="130580178300000000" Dst="2" />
<file name="ico17.png" server="C:/wamp/www/Control_Laboral_Basic/" local="130580178300000000" remote="130580178300000000" Dst="2" />
<file name="ico18.png" server="C:/wamp/www/Control_Laboral_Basic/" local="130580178300000000" remote="130580178300000000" Dst="2" />
<file name="ico19.png" server="C:/wamp/www/Control_Laboral_Basic/" local="130580178300000000" remote="130580178300000000" Dst="2" />
<file name="ico20.png" server="C:/wamp/www/Control_Laboral_Basic/" local="130580178300000000" remote="130580178300000000" Dst="2" />
<file name="ico21.png" server="C:/wamp/www/Control_Laboral_Basic/" local="130580178300000000" remote="130580178300000000" Dst="2" />
<file name="ico22.png" server="C:/wamp/www/Control_Laboral_Basic/" local="130580178300000000" remote="130580178300000000" Dst="2" />
<file name="ico23.png" server="C:/wamp/www/Control_Laboral_Basic/" local="130580178300000000" remote="130580178300000000" Dst="2" />
<file name="ico24.png" server="C:/wamp/www/Control_Laboral_Basic/" local="130580178300000000" remote="130580178300000000" Dst="2" />
</dwsync>